Title,Category,Rating,Price,Availability
Frankenstein,Default,Two,£38.00,In stock (1 available)
Forever Rockers (The Rocker #12),Music,Three,£28.80,In stock (1 available)
Fighting Fate (Fighting #6),Romance,Three,£39.24,In stock (1 available)
Emma,Classics,Two,£32.93,In stock (1 available)
"Eat, Pray, Love",Nonfiction,Three,£51.32,In stock (1 available)
Deep Under (Walker Security #1),Romance,Five,£47.09,In stock (1 available)
Choosing Our Religion: The Spiritual Lives of America's Nones,Religion,Four,£28.42,In stock (1 available)
Charlie and the Chocolate Factory (Charlie Bucket #1),Childrens,Three,£22.85,In stock (1 available)
Charity's Cross (Charles Towne Belles #4),Romance,One,£41.24,In stock (1 available)
Bright Lines,Fiction,Five,£39.07,In stock (1 available)
Bridget Jones's Diary (Bridget Jones #1),Womens Fiction,One,£29.82,In stock (1 available)
Bounty (Colorado Mountain #7),Romance,Four,£37.26,In stock (1 available)
Blood Defense (Samantha Brinkman #1),Mystery,Three,£20.30,In stock (1 available)
"Bleach, Vol. 1: Strawberry and the Soul Reapers (Bleach #1)",Sequential Art,Five,£34.65,In stock (1 available)
Beyond Good and Evil,Philosophy,One,£43.38,In stock (1 available)
Alice in Wonderland (Alice's Adventures in Wonderland #1),Classics,One,£55.53,In stock (1 available)
"Ajin: Demi-Human, Volume 1 (Ajin: Demi-Human #1)",Sequential Art,Four,£57.06,In stock (1 available)
A Spy's Devotion (The Regency Spies of London #1),Historical Fiction,Five,£16.97,In stock (1 available)
1st to Die (Women's Murder Club #1),Mystery,One,£53.98,In stock (1 available)
"1,000 Places to See Before You Die",Travel,Five,£26.08,In stock (1 available)
